Oferta ID,Perfume ID,Marca,Perfume,Comercio,Formato,Tamaño ml,Precio ARS,Stock,URL,Verificado,Ubicación,Envío,Última actualización,Afiliado
OFR-1818-ORIGIN-BOTELLA-100,ESC-1818,Rayhaan,Wolf,Perfumería Origin,Botella,100,78080,En stock,https://perfumeriaorigin.com/tienda/fragancias/masculino/rayhaan-wolf-edp-100ml/,Sí,"Avellaneda, Santa Fe, Argentina",Envíos; gratis superando $200.000,2026-09-13 20:04,No
OFR-1201-ORIGIN-BOTELLA-100,ESC-1201,French Avenue,Liquid Brun,Perfumería Origin,Botella,100,97280,En stock,https://perfumeriaorigin.com/tienda/fragancias/masculino/french-avenue-liquid-brun-edp-100ml/,Sí,"Avellaneda, Santa Fe, Argentina",Envíos; gratis superando $200.000,2026-09-13 20:04,No
OFR-1803-ORIGIN-BOTELLA-100,ESC-1803,Rayhaan,Obsidian,Perfumería Origin,Botella,100,89600,En stock,https://perfumeriaorigin.com/tienda/fragancias/masculino/rayhaan-obsidian-edp-100ml/,Sí,"Avellaneda, Santa Fe, Argentina",Envíos; gratis superando $200.000,2026-09-13 20:04,No
OFR-0085-ORIGIN-BOTELLA-105,ESC-0085,Armaf,Club de Nuit Iconic,Perfumería Origin,Botella,105,80640,Sin stock,https://perfumeriaorigin.com/tienda/fragancias/masculino/armaf-club-de-nuit-iconic-edp-105ml/,Sí,"Avellaneda, Santa Fe, Argentina",Envíos; gratis superando $200.000,2026-09-13 20:04,No
OFR-0146-ORIGIN-BOTELLA-100,ESC-0146,Versace,Eros Eau de Parfum,Perfumería Origin,Botella,100,186880,En stock,https://perfumeriaorigin.com/tienda/fragancias/masculino/versace-eros-edp-100ml/,Sí,"Avellaneda, Santa Fe, Argentina",Envíos; gratis superando $200.000,2026-09-13 20:04,No
OFR-0325-ORIGIN-BOTELLA-100,ESC-0325,Dolce&Gabbana,Light Blue Pour Homme,Perfumería Origin,Botella,100,128000,En stock,https://perfumeriaorigin.com/tienda/fragancias/masculino/dolce-gabbana-light-blue-edt-100ml/,Sí,"Avellaneda, Santa Fe, Argentina",Envíos; gratis superando $200.000,2026-09-13 20:04,No
OFR-0154-ORIGIN-BOTELLA-125,ESC-0154,Jean Paul Gaultier,Le Beau Paradise Garden,Perfumería Origin,Botella,125,192000,Sin stock,https://perfumeriaorigin.com/tienda/fragancias/masculino/jean-paul-gaultier-le-beau-paradise-garden-edp-125ml/,Sí,"Avellaneda, Santa Fe, Argentina",Envíos; gratis superando $200.000,2026-09-13 20:04,No
OFR-0147-ORIGIN-BOTELLA-100,ESC-0147,Versace,Eros Flame,Perfumería Origin,Botella,100,184080,En stock,https://perfumeriaorigin.com/tienda/fragancias/masculino/versace-eros-flame-edp-100-ml/,Sí,"Avellaneda, Santa Fe, Argentina",Envíos; gratis superando $200.000,2026-09-13 20:04,No
OFR-0146-JULERIAQUE-BOTELLA-100,ESC-0146,Versace,Eros Eau de Parfum,Juleriaque,Botella,100,308000,En stock,https://www.juleriaque.com.ar/eros-edp-77379/p,Sí,Argentina,Envío gratis sin mínimo; Same Day en CABA,2026-09-13 20:04,No
OFR-0147-JULERIAQUE-BOTELLA-100,ESC-0147,Versace,Eros Flame,Juleriaque,Botella,100,308000,En stock,https://www.juleriaque.com.ar/eros-flame-edp-67717-1651/p,Sí,Argentina,Envío gratis sin mínimo; Same Day en CABA,2026-09-13 20:04,No
OFR-3574-MEPERFUMERIA-BOTELLA-60,ESC-3574,Dior,Sauvage Eau Forte,ME Perfumería,Botella,60,287200,En stock,https://meperfumeria.com.ar/productos/perfume-masculino-christian-dior-sauvage-forte-edp/,Sí,Argentina,Envío gratis superando $250.000,2026-09-13 20:04,No
OFR-3574-PARFUMERIE-BOTELLA-60,ESC-3574,Dior,Sauvage Eau Forte,Parfumerie,Botella,60,287200,En stock,https://www.parfumerie.com.ar/sauvage-eau-forte-60ml-rv154475,Sí,Argentina,Consultar,2026-09-13 20:04,No
OFR-3574-FARMACIASDELSUD-BOTELLA-60,ESC-3574,Dior,Sauvage Eau Forte,Farmacias del Sud,Botella,60,287200,Sin stock,https://www.farmaciasdelsud.com.ar/shop/product/dior-sauvage-eau-forte-parfum-60-ml-WS2516098,Sí,Argentina,Envíos a todo el país,2026-09-13 20:04,No
OFR-3574-FARMACIASOCIAL-BOTELLA-60,ESC-3574,Dior,Sauvage Eau Forte,Farmacia Social,Botella,60,172320,Sin stock,https://www.farmaciasocial.com.ar/shop/product/sauvage-eau-forte-parfum-x-60ml-WS2647391,Sí,Argentina,Envíos a todo el país,2026-09-13 20:04,No
OFR-3574-MERCADOLIBRE-SCENTUP-BOTELLA-60,ESC-3574,Dior,Sauvage Eau Forte,Mercado Libre / SCENT UP,Botella,60,215152.2,En stock,https://www.mercadolibre.com.ar/dior-sauvage-eau-forte-parfum-x60ml/up/MLAU3419289691,Sí,Argentina,Envío gratis; retiro en puntos disponible,2026-09-13 20:04,No
OFR-3574-MERCADOLIBRE-SPARFUM-BOTELLA-60,ESC-3574,Dior,Sauvage Eau Forte,Mercado Libre / S-PARFUM,Botella,60,297900,En stock,https://www.mercadolibre.com.ar/dior-sauvage-eau-forte-parfum-60-ml/up/MLAU2488021172,Sí,Argentina,Envío gratis; retiro en puntos disponible,2026-09-13 20:04,No
OFR-0147-GSPARFUMS-BOTELLA-100,ESC-0147,Versace,Eros Flame,GS Parfums,Botella,100,155000,Sin stock,https://gsparfums-store.myshopify.com/products/versace-eros-flame-eau-de-parfum-100-ml,Sí,Argentina,Entrega estimada 3-7 días,2026-09-13 20:04,No
